district_name,state_name,cattle,buffalo,sheep,goat,horse,pony
Nicobars,Andaman And Nicobar Islands,2004,49,0,8884,0,0
North And Middle Andaman,Andaman And Nicobar Islands,15718,2617,0,27664,0,0
South Andamans,Andaman And Nicobar Islands,18716,1034,5,28213,0,0
Srikakulam,Andhra Pradesh,571943,48481,738910,335684,10,0
Vizianagaram,Andhra Pradesh,490989,135858,540336,271205,36,367
Visakhapatanam,Andhra Pradesh,648743,318846,371430,435620,542,56
East Godavari,Andhra Pradesh,396021,585246,316480,318696,52,24
West Godavari,Andhra Pradesh,201102,627909,478551,207067,31,38
Krishna,Andhra Pradesh,78846,669773,593007,196986,20,0
Guntur,Andhra Pradesh,95927,882347,704863,196153,91,6
Prakasam,Andhra Pradesh,68309,926651,2033479,498472,15,0
Spsr Nellore,Andhra Pradesh,107858,745829,1370812,453820,15,1
Y.S.R.,Andhra Pradesh,137099,486581,1869861,578607,63,1
Kurnool,Andhra Pradesh,356122,419855,1985957,610574,188,32
Anantapur,Andhra Pradesh,497102,285443,4926587,884186,239,20
Chittoor,Andhra Pradesh,950026,86680,1696698,535063,37,0
Tawang,Arunachal Pradesh,17362,2,3195,1895,31,1285
West Kameng,Arunachal Pradesh,15215,11,2001,5764,95,1354
East Kameng,Arunachal Pradesh,24749,64,8,16071,6,0
Papum Pare,Arunachal Pradesh,28890,1631,48,14844,0,0
Upper Subansiri,Arunachal Pradesh,15813,580,86,11903,0,0
West Siang,Arunachal Pradesh,11568,0,56,5070,1,149
East Siang,Arunachal Pradesh,35946,272,0,11881,0,3
Upper Siang,Arunachal Pradesh,7220,0,9,3198,0,0
Changlang,Arunachal Pradesh,26569,849,875,13129,1,63
Tirap,Arunachal Pradesh,2143,0,2,3378,0,0
Lower Subansiri,Arunachal Pradesh,38175,76,334,12113,4,0
Kurung Kumey,Arunachal Pradesh,1637,0,3,4817,0,0
Dibang Valley,Arunachal Pradesh,211,0,0,982,0,4
Lower Dibang Valley,Arunachal Pradesh,14524,1367,0,5772,0,0
Lohit,Arunachal Pradesh,66448,1466,10,30881,3,52
Anjaw,Arunachal Pradesh,1360,0,0,961,0,0
Longding,Arunachal Pradesh,2802,0,0,809,0,0
NAMSAI,Arunachal Pradesh,8344,61,0,3258,0,0
Kra Daadi,Arunachal Pradesh,9503,0,718,11146,0,0
SIANG,Arunachal Pradesh,10742,0,0,1868,0,0
Barpeta,Assam,482515,20629,51906,177709,1768,547
BONGAIGAON,Assam,256952,1240,11557,107460,237,75
Cachar,Assam,354843,50447,27098,139390,212,6
DHEMAJI,Assam,526980,16654,2284,115091,401,50
DHUBRI,Assam,356057,12427,32292,129714,725,27
Dibrugarh,Assam,340624,12533,418,202377,23,14
Goalpara,Assam,333621,8531,23191,102978,782,1
Golaghat,Assam,611453,30549,2981,198300,826,6
Hailakandi,Assam,132228,19215,9173,53181,89,44
Jorhat,Assam,432395,21097,610,173798,19,18
Kamrup,Assam,499937,7076,17667,191743,1365,45
Karbi Anglong,Assam,255056,3884,286,279632,15,1
Karimganj,Assam,279167,27530,23544,80664,163,22
Kokrajhar,Assam,333591,7833,14222,145530,221,72
Lakhimpur,Assam,629028,11666,659,202071,113,0
Morigaon,Assam,355479,4317,8435,82247,357,29
Nagaon,Assam,626451,16304,18661,169825,1346,52
Nalbari,Assam,250211,5814,15809,169294,351,2
Dima Hasao,Assam,22576,34068,528,30702,10,616
Sibsagar,Assam,266031,14829,305,103976,51,3
Sonitpur,Assam,513984,7162,2992,250708,36,6
Tinsukia,Assam,382530,9747,118,154013,26,10
Chirang,Assam,207668,1745,1468,62508,29,2
BAKSA,Assam,364106,813,5208,179978,34,0
Udalguri,Assam,383132,2717,2084,131491,61,17
Kamrup (M),Assam,120252,953,546,44614,27,14
Biswanath,Assam,362264,13108,6426,145186,264,92
Majuli,Assam,123762,6245,69,20342,98,18
South Salmara,Assam,141918,4548,14993,61853,210,0
Soraideu,Assam,88609,916,9,47553,3,0
Hojai,Assam,298794,1221,1419,70814,123,0
West Karbi Anglong,Assam,119599,8827,54,128552,1,0
DARRANG,Assam,457426,37070,35088,161879,877,131
Pashchim Champaran,Bihar,411203,272643,1422,705184,491,177
Purbi Champaran,Bihar,403669,372782,1363,892014,846,1227
Sheohar,Bihar,40976,61812,124,185541,103,1
Sitamarhi,Bihar,179185,381261,272,654395,1079,784
Madhubani,Bihar,588709,489306,1855,416135,138,25
Supaul,Bihar,640781,326333,1403,365099,326,29
Araria,Bihar,746965,214461,281,445383,494,27
Kishanganj,Bihar,587175,60930,493,355735,79,36
Purnia,Bihar,816498,242665,245,646481,544,0
Katihar,Bihar,723503,95745,2274,601549,372,68
Madhepura,Bihar,472771,240327,2678,550897,1010,0
Saharsa,Bihar,429494,206350,445,367647,1773,1
Darbhanga,Bihar,331723,328915,221,328802,562,396
Muzaffarpur,Bihar,425801,296568,1518,696340,433,40
Gopalganj,Bihar,247247,94141,791,257811,343,140
Siwan,Bihar,357680,175200,1459,188389,396,75
Saran,Bihar,423418,194841,7283,228327,1333,139
Vaishali,Bihar,272893,160662,2790,392611,339,0
Samastipur,Bihar,529775,193457,2178,488063,420,2
Begusarai,Bihar,456975,86408,215,213315,1023,1
Khagaria,Bihar,297675,94059,194,275780,4263,0
Bhagalpur,Bihar,636551,249668,1394,476581,2568,163
Banka,Bihar,719136,112126,8823,452364,359,9
Munger,Bihar,202078,43189,2761,218816,1395,12
Lakhisarai,Bihar,139570,56853,220,103711,1108,9
Sheikhpura,Bihar,83361,56508,1512,75397,91,4
Nalanda,Bihar,210772,279860,9636,153042,393,81
Patna,Bihar,452997,325831,9836,191314,867,16
Bhojpur,Bihar,275739,260590,17945,116417,1639,101
Buxar,Bihar,203086,171747,14117,54044,854,117
Kaimur (Bhabua),Bihar,244393,242604,42114,111876,615,84
Rohtas,Bihar,347549,335397,24039,193234,526,29
Aurangabad,Bihar,466108,196443,26284,240057,95,19
Gaya,Bihar,830383,320917,15596,449746,149,1003
Nawada,Bihar,404339,133116,2168,281504,54,5
Jamui,Bihar,636265,132519,3612,353051,162,24
Jehanabad,Bihar,91151,125475,1821,57068,62,1
Arwal,Bihar,70386,88085,1995,37496,27,0
Chandigarh,Chandigarh,13440,12177,0,998,233,4
Korea,Chhattisgarh,380862,71564,30,209357,68,0
Surguja,Chhattisgarh,364306,70181,462,288535,10,0
Jashpur,Chhattisgarh,433037,33416,5387,445166,43,0
Raigarh,Chhattisgarh,379028,24334,19331,217858,22,0
Korba,Chhattisgarh,353801,52664,42,187421,14,0
Janjgir-Champa,Chhattisgarh,514307,35802,7415,78461,68,25
Bilaspur,Chhattisgarh,606719,98293,3513,206088,13,19
Kabirdham (Kawardha),Chhattisgarh,358678,40090,829,77181,29,21
Rajnandgaon,Chhattisgarh,746200,60832,8645,140555,8,6
Durg,Chhattisgarh,307693,51122,7472,61499,73,3
Raipur,Chhattisgarh,343625,62579,8227,70311,29,18
Mahasamund,Chhattisgarh,305152,23237,15821,123996,6,6
Dhamtari,Chhattisgarh,254795,39107,357,58582,27,0
Kanker,Chhattisgarh,343329,21558,2602,185263,18,2
Bastar,Chhattisgarh,285561,50383,28028,98170,10,0
Narayanpur,Chhattisgarh,192146,16677,67,78041,0,0
Dantewada,Chhattisgarh,187630,17570,94,75745,2,3
Bijapur,Chhattisgarh,272442,14721,391,150220,0,0
Balod,Chhattisgarh,336482,30225,5610,54331,6,0
Baloda Bazar,Chhattisgarh,514511,57111,7637,100638,11,0
Balrampur,Chhattisgarh,461363,56111,5071,348178,25,13
Bemetara,Chhattisgarh,417937,54713,8945,102089,2,0
Gariyaband,Chhattisgarh,253669,27031,33889,81932,19,0
Kondagaon,Chhattisgarh,339576,29604,4600,90235,36,12
Mungeli,Chhattisgarh,263370,36900,1207,74258,0,0
Sukma,Chhattisgarh,389067,25202,3978,149185,0,0
Surajpur,Chhattisgarh,378668,73695,579,252362,8,0
Dadra And Nagar Haveli,Dadra And Nagar Haveli,39736,997,84,7548,39,0
Diu,Daman And Diu,999,0,68,506,0,0
Daman,Daman And Diu,841,374,0,481,10,5
North Goa,Goa,26956,12589,8,4269,3,0
South Goa,Goa,33291,14618,0,5177,12,0
AHMADABAD,Gujarat,211977,381499,14652,90062,988,29
AMRELI,Gujarat,207241,178787,77036,125050,1526,0
ANAND,Gujarat,273505,460860,9676,94277,509,3
BANAS KANTHA,Gujarat,1390357,1501537,118204,387986,1938,0
BHARUCH,Gujarat,122344,162523,4536,160068,476,12
BHAVNAGAR,Gujarat,226407,291930,132151,110133,1357,8
DANG,Gujarat,74901,23235,285,21093,1,0
DOHAD,Gujarat,656223,524521,2533,878061,91,0
GANDHINAGAR,Gujarat,184736,322574,21237,63695,543,0
JAMNAGAR,Gujarat,139176,162333,214785,130282,681,0
JUNAGADH,Gujarat,165769,211414,18499,59682,648,0
KACHCHH,Gujarat,574837,466341,610629,439258,3087,12
KHEDA,Gujarat,265460,616160,20096,102279,434,0
MAHESANA,Gujarat,323858,488302,10913,111500,975,1
NARMADA,Gujarat,177550,76314,21,89966,57,0
NAVSARI,Gujarat,231544,61865,1159,68636,205,0
PANCH MAHALS,Gujarat,335220,434464,1427,332360,236,0
PATAN,Gujarat,173660,432837,45920,101011,1024,0
PORBANDAR,Gujarat,64465,143534,17061,14855,202,0
RAJKOT,Gujarat,377285,269056,128874,104797,1232,0
SABAR KANTHA,Gujarat,459921,417008,47918,210505,270,0
SURAT,Gujarat,271863,251048,4307,58055,626,21
SURENDRANAGAR,Gujarat,325680,350911,44759,117945,1586,2
VADODARA,Gujarat,152980,340490,5764,130662,426,8
VALSAD,Gujarat,309310,63855,1271,83000,85,0
TAPI,Gujarat,224128,180659,560,49644,33,0
CHHOTAUDEPUR,Gujarat,324217,209696,87,183686,111,0
Mahisagar,Gujarat,308108,406003,9083,162603,117,0
ARVALLI,Gujarat,425032,384808,30536,177028,245,0
MORBI,Gujarat,141984,174976,97972,66893,501,0
DEVBHUMI DWARKA,Gujarat,126026,284636,63099,50443,302,0
GIR SOMNATH,Gujarat,212526,193958,22486,49163,178,0
BOTAD,Gujarat,175347,75116,9727,43066,1025,0
AMBALA,Haryana,71160,137620,16887,6695,516,5
BHIWANI,Haryana,105374,277555,34533,32270,584,54
CHARKI DADRI,Haryana,38412,152521,12946,17075,190,24
FARIDABAD,Haryana,42988,114100,3721,6790,112,4
FATEHABAD,Haryana,108800,233890,15146,13185,443,17
GURUGRAM,Haryana,63916,112204,3207,9490,710,99
HISAR,Haryana,169527,425846,33339,18862,565,43
JHAJJAR,Haryana,62574,180459,9396,7837,347,29
JIND,Haryana,116624,393606,22805,11009,555,90
KAITHAL,Haryana,91943,281887,10939,6189,587,21
KARNAL,Haryana,155195,200645,10851,9313,677,29
KURUKSHETRA,Haryana,101938,139058,10955,7152,469,11
MAHENDRAGARH,Haryana,51113,187207,22995,45967,412,8
MEWAT,Haryana,29810,174347,5522,26522,113,4
PALWAL,Haryana,49684,199491,7591,13072,320,23
PANCHKULA,Haryana,32381,56028,3960,6816,100,1
PANIPAT,Haryana,74761,165167,5008,4595,387,14
REWARI,Haryana,44310,160423,5384,24127,260,16
ROHTAK,Haryana,64075,174156,9981,6660,257,39
SIRSA,Haryana,235362,250695,27888,47609,398,40
SONIPAT,Haryana,111458,224980,7103,7332,456,61
YAMUNANAGAR,Haryana,107277,126138,8213,6073,583,10
Chamba,Himachal Pradesh,261939,24794,242571,223558,1178,20
Kangra,Himachal Pradesh,295959,133697,102743,214555,1890,93
Lahul And Spiti,Himachal Pradesh,11678,0,23380,3078,536,9
Kullu,Himachal Pradesh,155109,1301,133122,58800,859,4
Mandi,Himachal Pradesh,359296,63856,91631,189289,1524,19
Hamirpur,Himachal Pradesh,19789,97246,6909,24285,88,13
Una,Himachal Pradesh,60367,113042,134,12410,105,0
Bilaspur,Himachal Pradesh,44776,99514,885,74243,33,10
Solan,Himachal Pradesh,130736,70674,772,47412,68,49
Sirmaur,Himachal Pradesh,245697,36838,5274,134881,383,60
Shimla,Himachal Pradesh,220176,5603,99643,86137,1250,233
Kinnaur,Himachal Pradesh,22495,0,84281,39765,282,145
Kupwara,Jammu And Kashmir,182998,2251,151255,55012,2059,405
Badgam,Jammu And Kashmir,145153,730,178790,16193,2171,224
Leh Ladakh,Jammu And Kashmir,35839,0,83281,176396,1763,64
Kargil,Jammu And Kashmir,48362,0,115220,63710,2762,22
Poonch,Jammu And Kashmir,53654,114672,135751,114279,3437,85
Rajauri,Jammu And Kashmir,107789,148583,299010,286076,6405,10
Kathua,Jammu And Kashmir,208886,67456,281569,221215,5316,680
Baramulla,Jammu And Kashmir,157725,2542,183761,41068,1837,401
Bandipora,Jammu And Kashmir,76888,794,104406,17224,818,2073
Srinagar,Jammu And Kashmir,37395,131,35925,2146,104,1
Ganderbal,Jammu And Kashmir,61627,311,55420,9843,556,1837
Pulwama,Jammu And Kashmir,97234,794,133982,3887,41,1512
Shopian,Jammu And Kashmir,69552,2445,113911,1808,316,2384
Anantnag,Jammu And Kashmir,188611,2514,180693,10860,2568,3544
Kulgam,Jammu And Kashmir,110416,1504,105170,3591,682,377
Doda,Jammu And Kashmir,165672,18083,297846,68161,1999,16
Ramban,Jammu And Kashmir,136425,19239,86670,25937,1757,253
Kishtwar,Jammu And Kashmir,93729,8216,188105,74472,1320,513
Udhampur,Jammu And Kashmir,205243,79925,269023,191129,2632,86
Reasi,Jammu And Kashmir,98707,67365,165447,159556,5003,524
Jammu,Jammu And Kashmir,187043,122905,49020,130140,3136,30
Samba,Jammu And Kashmir,70292,30369,33248,57515,1478,134
Garhwa,Jharkhand,701752,73950,24978,414456,30,46
Chatra,Jharkhand,510637,102000,457,300965,37,1
Koderma,Jharkhand,183651,20496,430,120382,31,6
Giridih,Jharkhand,973869,112335,11982,730195,26,4
Deoghar,Jharkhand,692698,54383,25022,472849,22,7
Godda,Jharkhand,684653,96016,4717,288944,453,86
Sahebganj,Jharkhand,263183,46545,3706,354589,53,25
Pakur,Jharkhand,387417,70215,46812,309543,48,32
Dhanbad,Jharkhand,349900,32673,18496,271044,32,2
Bokaro,Jharkhand,400941,28525,16375,345816,48,0
Lohardaga,Jharkhand,145722,16765,2282,175745,1,0
East Singhbum,Jharkhand,412587,58544,91686,388863,42,29
Palamu,Jharkhand,666463,94442,35157,352021,67,15
Latehar,Jharkhand,347936,38088,91,274418,11,0
Hazaribagh,Jharkhand,548412,70492,2628,476081,1,6
Ramgarh,Jharkhand,119968,29161,4147,209934,2,0
Dumka,Jharkhand,747624,48090,28645,407126,14,4
Jamtara,Jharkhand,431586,20420,38364,256925,2,27
Ranchi,Jharkhand,636402,125153,39719,784961,45,8
Khunti,Jharkhand,279817,32918,34597,266678,15,0
Gumla,Jharkhand,558248,90480,7974,608665,10,7
Simdega,Jharkhand,403412,26600,14476,418100,14,12
West Singhbhum,Jharkhand,471002,31269,112791,527897,35,0
Saraikela Kharsawan,Jharkhand,305172,30753,75651,364976,13,9
Belgaum,Karnataka,549540,844171,757679,701741,2998,62
Bagalkot,Karnataka,222823,234340,622856,383926,539,270
Bijapur,Karnataka,202111,177079,347070,569098,1167,8
Bidar,Karnataka,173634,125510,85948,182854,69,0
Raichur,Karnataka,245374,112420,657633,282718,43,0
Koppal,Karnataka,231413,63467,625367,172578,41,0
Gadag,Karnataka,136311,55798,395899,191656,108,0
Dharwad,Karnataka,172219,61245,79869,74069,91,7
Uttar Kannad,Karnataka,336312,73993,8537,10655,20,0
Haveri,Karnataka,261060,85501,313205,144969,133,0
Bellary,Karnataka,283699,127407,1005565,253119,59,0
Chitradurga,Karnataka,225603,113304,1352087,385058,55,22
Davangere,Karnataka,297377,123596,505630,124542,25,1
Shimoga,Karnataka,518653,120563,42526,59719,35,12
Udupi,Karnataka,254776,2408,431,2676,1,0
Chikmagalur,Karnataka,290007,34362,97962,41040,25,0
Tumkur,Karnataka,431251,142047,1290008,427926,44,5
Bengaluru Urban,Karnataka,153861,11168,82873,62464,114,14
Mandya,Karnataka,369986,109443,347133,346430,26,0
Hassan,Karnataka,548185,107971,199387,129058,34,0
Dakshin Kannad,Karnataka,250569,1832,289,32215,14,0
Kodagu,Karnataka,71684,5236,650,7603,2,2
Mysore,Karnataka,492598,21682,203463,208206,561,1
Chamarajanagar,Karnataka,249361,9918,135321,144633,33,9
Gulbarga,Karnataka,385580,73176,112387,446200,78,9
Yadgir,Karnataka,233336,57438,437092,256848,53,10
Kolar,Karnataka,209642,26520,483892,93713,17,0
Chikballapur,Karnataka,213815,26397,613193,188392,42,0
Bangalore Rural,Karnataka,170722,16924,118788,95156,21,12
Ramanagara,Karnataka,287502,19644,127988,150130,126,0
Kasaragod,Kerala,73968,1506,50,37427,8,0
Kannur,Kerala,91687,2446,8,65166,7,0
Wayanad,Kerala,79753,4353,238,45365,16,4
Kozhikode,Kerala,94248,3915,25,55215,18,0
Malappuram,Kerala,87035,15077,28,169892,41,2
Palakkad,Kerala,166952,9743,914,144095,61,6
Thrissur,Kerala,111932,20520,21,129579,106,29
Ernakulam,Kerala,108061,10029,7,126599,46,3
Idukki,Kerala,97395,5067,9,102432,25,2
Kottayam,Kerala,81074,6163,19,94968,28,1
Alappuzha,Kerala,79370,5726,18,55109,17,2
Pathanamthitta,Kerala,61157,3260,27,52106,12,2
Kollam,Kerala,110542,8658,12,124326,31,4
Thiruvananthapuram,Kerala,98822,5041,106,156882,86,3
Lakshadweep District,Lakshadweep,2493,16,0,43188,0,0
HOSHANGABAD,Madhya Pradesh,330352,112350,259,88045,201,12
SAGAR,Madhya Pradesh,744975,236093,871,172079,297,366
NARSINGHPUR,Madhya Pradesh,254904,116684,591,122180,196,24
ASHOKNAGAR,Madhya Pradesh,234315,146970,1892,106301,96,1
SEHORE,Madhya Pradesh,368540,275960,563,134706,154,14
SHIVPURI,Madhya Pradesh,369906,411008,35963,337857,174,5
JHABUA,Madhya Pradesh,430840,132650,2516,424992,137,0
MORENA,Madhya Pradesh,108548,685578,14607,165323,348,38
NEEMUCH,Madhya Pradesh,237347,169746,6701,166426,451,0
DHAR,Madhya Pradesh,663537,279509,5353,687834,391,8
BHIND,Madhya Pradesh,126126,424230,12516,184256,241,3
KHARGONE,Madhya Pradesh,612923,274497,2568,425712,201,13
ALIRAJPUR,Madhya Pradesh,362015,73417,1466,498099,10,0
GUNA,Madhya Pradesh,374738,300904,2057,140961,185,0
UJJAIN,Madhya Pradesh,265521,352004,1978,265505,969,138
DINDORI,Madhya Pradesh,448069,62845,309,75530,107,33
BURHANPUR,Madhya Pradesh,137834,54672,30070,121851,207,1
BALAGHAT,Madhya Pradesh,605928,186805,35,328851,104,0
VIDISHA,Madhya Pradesh,314682,161822,816,88020,162,49
SHEOPUR,Madhya Pradesh,264113,198624,8591,203050,140,1
CHHINDWARA,Madhya Pradesh,712157,167074,336,368674,274,128
RATLAM,Madhya Pradesh,319748,193437,2425,282104,513,0
BHOPAL,Madhya Pradesh,124565,111371,715,50076,135,14
GWALIOR,Madhya Pradesh,146644,269483,18576,154554,279,31
SATNA,Madhya Pradesh,579909,244153,20241,289844,103,260
SIDHI,Madhya Pradesh,520013,110308,12795,299223,11,0
TIKAMGARH,Madhya Pradesh,307206,316146,35662,364233,441,147
DEWAS,Madhya Pradesh,387133,249338,45,246694,282,1
UMARIA,Madhya Pradesh,330607,51632,3969,97151,18,0
MANDLA,Madhya Pradesh,486200,82098,102,109461,59,0
SINGRAULI,Madhya Pradesh,549102,81239,4321,227350,15,92
REWA,Madhya Pradesh,662769,261655,24145,292711,114,8
ANUPPUR,Madhya Pradesh,380613,63566,117,74527,117,0
BETUL,Madhya Pradesh,573205,173775,2360,233219,393,10
HARDA,Madhya Pradesh,159487,83911,102,76337,216,0
DATIA,Madhya Pradesh,114229,290054,14309,163737,101,38
RAJGARH,Madhya Pradesh,271753,483042,1189,171777,358,5
CHHATARPUR,Madhya Pradesh,303664,397354,16661,435965,578,9
DAMOH,Madhya Pradesh,480106,137718,2409,151180,165,22
AGAR MALWA,Madhya Pradesh,159108,161642,1119,143352,282,0
SEONI,Madhya Pradesh,445612,113909,91,214520,115,11
EAST NIMAR,Madhya Pradesh,373827,170331,136,211682,144,47
SHAJAPUR,Madhya Pradesh,163296,213622,107,106282,225,0
BARWANI,Madhya Pradesh,420132,144617,3295,441719,76,0
RAISEN,Madhya Pradesh,454429,138604,1339,141671,172,11
JABALPUR,Madhya Pradesh,294821,101598,1013,124914,76,1
SHAHDOL,Madhya Pradesh,524536,115837,3984,139300,10,0
PANNA,Madhya Pradesh,365515,197897,10856,203125,59,18
KATNI,Madhya Pradesh,381404,97825,1730,148375,120,13
INDORE,Madhya Pradesh,239874,173194,219,144673,659,3
Mandsaur,Madhya Pradesh,263951,254333,10495,218516,804,0
Nandurbar,Maharashtra,304305,73966,36210,323264,224,0
Dhule,Maharashtra,354544,97659,492632,332041,907,0
Jalgaon,Maharashtra,577302,269105,70471,433156,1053,175
Buldhana,Maharashtra,461529,134148,125280,364689,356,23
Akola,Maharashtra,233271,49797,9581,151076,342,0
Washim,Maharashtra,168091,53826,9394,127477,125,0
Amravati,Maharashtra,464967,129627,83200,340681,409,117
Wardha,Maharashtra,275880,46649,5358,161359,35,0
Nagpur,Maharashtra,418548,72482,15476,289098,73,0
Bhandara,Maharashtra,213036,106861,3169,199183,46,0
Gondia,Maharashtra,292627,92527,1189,194975,73,0
Gadchiroli,Maharashtra,459471,66259,18605,239587,2,0
Chandrapur,Maharashtra,395914,64038,50465,240280,11,2
Yavatmal,Maharashtra,596113,88384,22587,349979,308,21
Nanded,Maharashtra,502428,236386,76893,318564,457,0
Hingoli,Maharashtra,232203,74125,16907,154284,112,57
Parbhani,Maharashtra,299861,98495,31673,171698,293,16
Jalna,Maharashtra,421975,82073,30534,300988,273,8
Aurangabad,Maharashtra,538572,94430,88244,431182,643,40
Nashik,Maharashtra,895050,221234,243373,626644,1485,7
Thane,Maharashtra,79522,92521,1827,60045,214,3
Mumbai,Maharashtra,3226,24388,458,6389,80,20
Raigad,Maharashtra,176906,62225,2203,90188,235,0
Pune,Maharashtra,846745,298148,290633,575905,3148,12
Ahmednagar,Maharashtra,1378303,221355,285751,1194052,2434,63
Beed,Maharashtra,496368,258440,68693,468149,507,4
Latur,Maharashtra,257508,257187,35094,148886,296,6
Osmanabad,Maharashtra,362422,188446,22131,217400,269,5
Solapur,Maharashtra,745404,496454,125386,962504,581,59
Satara,Maharashtra,352436,326896,185905,364348,757,0
Ratnagiri,Maharashtra,235060,41112,1212,38161,20,0
Sindhudurg,Maharashtra,105920,51334,22,30935,3,0
Kolhapur,Maharashtra,283637,568884,96176,130053,1085,37
Sangli,Maharashtra,324756,493998,130754,454125,1106,9
Palghar,Maharashtra,238404,70233,2843,113538,235,11
Senapati,Manipur,31828,12490,2849,10393,1,3
Tamenglong,Manipur,10140,3273,64,3456,75,9
Churachandpur,Manipur,23480,7259,574,3587,5,49
Bishnupur,Manipur,40228,926,42,2127,10,87
Thoubal,Manipur,25982,492,358,3627,29,22
Imphal West,Manipur,26517,569,386,5297,40,571
Imphal East,Manipur,40644,481,1165,7607,3,163
Ukhrul,Manipur,10810,9149,41,1219,0,2
Chandel,Manipur,14843,1591,442,1384,2,12
West Garo Hills,Meghalaya,223021,937,10689,94962,7,0
East Garo Hills,Meghalaya,77272,0,0,37889,0,0
South Garo Hills,Meghalaya,74686,3,20,34160,0,3
West Khasi Hills,Meghalaya,78453,3779,1469,35356,157,26
Ri Bhoi,Meghalaya,54562,4259,13,14629,2,10
East Khasi Hills,Meghalaya,77909,779,1932,58783,2,0
West Jaintia Hills,Meghalaya,57622,1706,50,14042,0,0
East Jaintia Hills,Meghalaya,55614,1124,0,10170,0,0
North Garo Hills,Meghalaya,72675,20,7,2745,0,0
South West Garo Hills,Meghalaya,99024,1187,1474,58297,0,2
South West Khasi Hills,Meghalaya,32732,1920,25,36470,60,4
AIZAWL,Mizoram,10435,58,0,517,7,7
CHAMPHAI,Mizoram,8884,789,41,922,15,49
KOLASIB,Mizoram,6663,530,119,1603,7,10
LAWNGTLAI,Mizoram,5785,126,110,2647,10,0
LUNGLEI,Mizoram,5663,25,0,4709,0,6
MAMIT,Mizoram,2813,11,10,1371,1,0
SIAHA,Mizoram,2580,397,199,2549,0,0
SERCHHIP,Mizoram,2878,173,6,502,21,26
Mon,Nagaland,9782,1050,93,3794,0,0
Mokokchung,Nagaland,2081,73,3,994,0,0
Zunheboto,Nagaland,9996,9,3,2851,0,0
Wokha,Nagaland,2299,57,8,798,0,0
Dimapur,Nagaland,20255,3735,3,11227,5,13
Phek,Nagaland,2764,1333,17,2987,0,0
Tuensang,Nagaland,4578,46,0,1660,0,0
Longleng,Nagaland,8244,0,0,1109,0,0
Kiphire,Nagaland,1430,23,0,406,0,0
Kohima,Nagaland,7849,320,5,3700,0,16
Peren,Nagaland,9018,9008,229,2076,16,20
Bargarh,Odisha,244755,4825,62884,175820,5,0
Jharsuguda,Odisha,95638,1524,6956,57052,0,0
Sambalpur,Odisha,247795,5898,18840,200748,0,0
Deogarh,Odisha,128338,1571,1936,101691,0,0
Sundargarh,Odisha,459733,17094,21158,576052,13,0
Kendujhar,Odisha,626833,5707,51040,517321,13,0
Mayurbhanj,Odisha,673442,8569,98674,1050151,8,3
Baleshwar,Odisha,622128,1342,1987,313395,1,2
Bhadrak,Odisha,452147,3489,842,107591,2,0
Kendrapara,Odisha,322484,14561,15675,112532,0,0
Jagatsinghapur,Odisha,209978,10761,12101,107573,4,1
Cuttack,Odisha,548770,14827,67753,221665,5,2
Jajapur,Odisha,478510,3895,10098,186456,8,0
Dhenkanal,Odisha,376196,13729,19429,164167,3,0
Anugul,Odisha,364263,6321,35110,200353,1,0
Nayagarh,Odisha,210092,12363,34629,102397,1,0
Khordha,Odisha,276331,9636,26974,79402,14,0
Puri,Odisha,367150,13524,24774,111717,5,0
Ganjam,Odisha,445913,46775,165614,235336,15,0
Gajapati,Odisha,167664,5454,9853,139274,0,0
Kandhamal,Odisha,261008,48739,6803,269391,0,0
Boudh,Odisha,129631,6730,64545,115103,0,0
Sonepur,Odisha,112333,2570,44787,108787,1,19
Balangir,Odisha,312205,20760,92209,313982,1,0
Nuapada,Odisha,155571,12659,29903,80190,1,0
Kalahandi,Odisha,284533,21432,80834,257495,5,0
Rayagada,Odisha,247259,48268,21561,154622,0,0
Nabarangpur,Odisha,338681,27882,102986,63027,0,0
Koraput,Odisha,443778,61019,128662,143646,7,0
Malkangiri,Odisha,300811,6400,20532,126516,3,0
Yanam,Puducherry,763,1494,61,1219,0,0
Pondicherry,Puducherry,52570,439,1792,27623,5,4
Mahe,Puducherry,296,0,0,395,0,0
Karaikal,Puducherry,18355,462,592,44393,13,7
Gurdaspur,Punjab,181922,208957,911,9290,1064,10
Kapurthala,Punjab,72682,103096,211,5039,154,27
Jalandhar,Punjab,150699,187876,984,12184,574,0
Hoshiarpur,Punjab,151907,169082,1502,12979,747,75
Nawanshahr (Sbs Nagar),Punjab,62678,87661,357,5226,116,0
Fatehgarh Sahib,Punjab,68655,113268,834,6455,195,4
Ludhiana,Punjab,227300,371622,2650,29100,1483,54
Moga,Punjab,109048,168012,2126,16251,564,0
Firozepur,Punjab,91179,170646,2099,9894,329,13
Muktsar,Punjab,113102,116110,7529,31635,835,1
Faridkot,Punjab,70472,93343,2175,15333,622,13
Bathinda,Punjab,155456,234702,6021,48112,660,62
Mansa,Punjab,83315,223023,6298,20670,358,16
Patiala,Punjab,124148,275744,8462,10359,448,7
Amritsar,Punjab,191120,267563,1038,11315,1119,6
Tarn Taran,Punjab,106421,237717,4755,8638,398,12
Rupnagar,Punjab,72844,132718,201,6216,303,8
S.A.S Nagar,Punjab,41699,116311,7749,7296,1974,16
Sangrur,Punjab,160487,402475,4184,30580,628,13
Barnala,Punjab,64601,144699,1113,10934,301,10
Fazilka,Punjab,155016,161979,22993,32038,295,0
Pathankot,Punjab,76709,29343,1368,8405,711,18
Ganganagar,Rajasthan,636702,200125,233917,303487,751,24
Hanumangarh,Rajasthan,544264,302203,170021,180537,720,41
Bikaner,Rajasthan,1194729,208251,662136,626769,679,55
Churu,Rajasthan,438583,277343,281757,594230,774,8
Jhunjhunu,Rajasthan,269096,347110,152990,442134,1265,29
Alwar,Rajasthan,241856,1144753,60432,403117,1086,66
Bharatpur,Rajasthan,205401,760323,76693,168158,700,1
Dholpur,Rajasthan,68757,371410,13830,100811,282,44
Karauli,Rajasthan,73155,518622,82925,340529,548,0
Sawai Madhopur,Rajasthan,77627,301792,110011,256260,653,0
Dausa,Rajasthan,151525,526460,59797,311068,589,16
Jaipur,Rajasthan,691457,1214213,253706,787220,1722,72
Sikar,Rajasthan,383541,488798,175454,920453,990,2
Nagaur,Rajasthan,573991,545342,446667,1195815,1244,10
Jodhpur,Rajasthan,1069027,317852,619468,1640570,1306,27
Jaisalmer,Rajasthan,407048,4638,836992,1104272,1106,0
Barmer,Rajasthan,905199,222727,1013419,2946662,1944,0
Jalore,Rajasthan,299259,587826,416458,352280,2637,0
Sirohi,Rajasthan,205103,211005,154465,352535,524,2
Pali,Rajasthan,360871,329807,764787,682447,1421,156
Ajmer,Rajasthan,384657,520779,363893,739132,1686,51
Tonk,Rajasthan,171736,437452,219177,319250,1092,13
Bundi,Rajasthan,193509,325032,55969,306938,906,0
Bhilwara,Rajasthan,705423,477272,359901,829826,1484,1
Rajsamand,Rajasthan,244731,234272,68347,537215,860,13
Dungarpur,Rajasthan,431401,329357,65783,803899,233,3
Banswara,Rajasthan,657389,361245,7958,720497,347,1357
Chittorgarh,Rajasthan,379026,473245,26731,488760,1194,74
Kota,Rajasthan,216343,240628,22434,137387,506,28
Baran,Rajasthan,298103,266017,11392,184809,374,45
Jhalawar,Rajasthan,250823,344217,10173,285594,605,50
Udaipur,Rajasthan,831496,597128,83081,1360159,1003,10
Pratapgarh,Rajasthan,375802,206072,23093,417383,245,5
North District,Sikkim,11918,49,337,3595,25,0
West District,Sikkim,42639,857,985,30515,72,0
South District,Sikkim,46589,151,591,27158,0,0
East District,Sikkim,46864,87,103,29238,18,0
Thiruvallur,Tamil Nadu,282138,51239,63236,243313,89,29
Chennai,Tamil Nadu,25588,7789,275,12107,655,4
Kanchipuram,Tamil Nadu,428458,41940,118823,209468,37,5
Vellore,Tamil Nadu,582221,16130,210317,305430,74,8
Tiruvannamalai,Tamil Nadu,739467,5114,177712,248410,10,23
Villupuram,Tamil Nadu,873822,8942,216692,471451,157,20
Salem,Tamil Nadu,633437,48411,336885,576380,85,360
Namakkal,Tamil Nadu,267796,63328,101866,492711,49,3
Erode,Tamil Nadu,340426,87416,197934,420691,337,37
The Nilgiris,Tamil Nadu,26095,2494,2502,17585,197,25
Dindigul,Tamil Nadu,297004,27061,172066,348868,883,560
Karur,Tamil Nadu,165036,26845,263792,228249,34,6
Tiruchirappalli,Tamil Nadu,336903,8792,136163,559063,77,40
Perambalur,Tamil Nadu,132472,1028,31089,123719,8,5
Ariyalur,Tamil Nadu,161093,1831,38061,250487,6,16
Cuddalore,Tamil Nadu,353663,6031,42675,341587,15,161
Nagapattinam,Tamil Nadu,251634,7093,32554,486509,69,29
Thiruvarur,Tamil Nadu,200248,1212,1279,290998,42,0
Thanjavur,Tamil Nadu,350527,3749,25025,429251,88,16
Pudukkottai,Tamil Nadu,360299,3522,133569,479440,16,16
Sivaganga,Tamil Nadu,246623,885,177058,339481,12,0
Madurai,Tamil Nadu,262725,3873,108429,270564,27,21
Theni,Tamil Nadu,110275,1423,47699,95388,32,40
Virudhunagar,Tamil Nadu,206593,6200,419017,505861,29,0
Ramanathapuram,Tamil Nadu,88466,493,293621,393956,8,1
Tuticorin,Tamil Nadu,117605,4760,184606,380917,52,32
Tirunelveli,Tamil Nadu,298106,14560,216036,379818,42,94
Kanniyakumari,Tamil Nadu,70371,1409,224,108901,17,2
Dharmapuri,Tamil Nadu,359788,25083,89313,228386,51,5
Krishnagiri,Tamil Nadu,395757,9843,231303,192414,71,13
Coimbatore,Tamil Nadu,259917,3170,99642,195781,328,9
Tiruppur,Tamil Nadu,294107,27129,331028,261562,230,10
Adilabad,Telangana,311163,48649,153202,186322,285,64
Nizamabad,Telangana,101252,206898,735549,156619,23,2
Karimnagar,Telangana,82412,95344,638706,92687,14,0
Medak,Telangana,89355,189505,637063,152619,39,0
Hyderabad,Telangana,15635,23327,13231,33876,761,24
Rangareddi,Telangana,240826,167018,767125,256632,262,1206
Mahbubnagar,Telangana,239883,149637,2302222,280693,80,118
Nalgonda,Telangana,203456,309135,1098300,336324,23,0
Warangal Rural,Telangana,91917,119476,732481,103591,0,7
Khammam,Telangana,141117,375097,667318,190013,2,0
Nirmal,Telangana,179045,121193,502576,131866,57,0
Jagitial,Telangana,47405,124248,610985,97033,6,15
PEDDAPALLI,Telangana,55946,90633,549286,96449,5,5
RAJANNA SIRCILLA,Telangana,43818,73422,388227,87723,40,0
MANCHERIAL,Telangana,179757,105798,520731,183526,1,11
KAMAREDDY,Telangana,112157,181068,573769,167831,95,0
WARANGAL URBAN,Telangana,38125,67141,387742,54787,7,0
JAYASHANKAR BHUPALAPALLY,Telangana,168849,123890,420601,156331,0,26
MAHABUBABAD,Telangana,181554,129628,677881,178035,2,0
JANGOAN,Telangana,106628,129656,679929,126668,1,0
BHADRADRI KOTHAGUDEM,Telangana,283630,172284,267256,255909,7,0
SANGAREDDY,Telangana,153829,165273,438757,229029,114,16
SIDDIPET,Telangana,126615,177912,801259,183442,14,0
WANAPARTHY,Telangana,75089,72531,976832,80608,0,2
NAGARKURNOOL,Telangana,223475,111755,967926,206403,5,0
JOGULAMBA GADWAL,Telangana,75463,58240,576693,67568,27,8
SURYAPET,Telangana,95148,289759,779090,140439,1,0
YADADRI BHUVANAGIRI,Telangana,104965,158048,650426,147947,410,0
VIKARABAD,Telangana,172506,80401,237536,254144,25,38
KUMURAM BHEEM ASIFABAD,Telangana,264451,49445,160958,259539,0,1
MEDCHAL MALKAJGIRI,Telangana,27068,59895,149401,40020,14,15
West Tripura,Tripura,89499,263,683,38248,0,0
South Tripura,Tripura,125692,178,286,59273,1,0
Dhalai,Tripura,90679,958,485,54263,1,0
North Tripura,Tripura,77278,1136,1870,37027,2,1
Gomati,Tripura,101284,668,786,52704,2,0
Khowai,Tripura,67060,87,202,36822,0,0
Sepahijala,Tripura,125849,233,519,50108,2,2
Unakoti,Tripura,61690,3608,629,31759,5,1
Almora,Uttarakhand,149080,77444,2186,185319,239,101
Bageshwar,Uttarakhand,76181,31432,20800,102075,243,3
chamoli,Uttarakhand,145625,37922,75417,96861,600,0
Champawat,Uttarakhand,79686,18599,10,60516,44,116
Dehradun,Uttarakhand,194043,52185,6222,158314,444,131
Haridwar,Uttarakhand,179395,214480,4697,26594,456,30
Nainital,Uttarakhand,176506,77759,828,66213,734,188
Pauri Garhwal,Uttarakhand,256311,30076,13276,142816,588,96
Pithoragarh,Uttarakhand,162869,37056,44533,226060,622,0
Rudraprayag,Uttarakhand,74237,31115,13084,28363,217,17
Tehri Garhwal,Uttarakhand,86362,79394,21145,126944,479,3
Udham Singh Nagar,Uttarakhand,166349,152911,2068,51014,1181,19
Uttarkashi,Uttarakhand,105479,25945,80349,100882,900,1
Saharanpur,Uttar Pradesh,266504,471973,15605,61682,1668,339
Muzaffarnagar,Uttar Pradesh,291224,459747,5664,29793,2182,42
Bijnor,Uttar Pradesh,378290,622405,4022,91889,2162,48
Moradabad,Uttar Pradesh,176934,408720,2900,96932,1875,18
Rampur,Uttar Pradesh,106096,353580,6761,80830,1738,20
Amroha,Uttar Pradesh,216649,514547,1076,75742,847,27
Meerut,Uttar Pradesh,244585,515704,3828,43470,1958,10
Baghpat,Uttar Pradesh,145930,316815,2178,16948,1262,173
Ghaziabad,Uttar Pradesh,100200,213720,914,17397,577,38
Gautam Buddha Nagar,Uttar Pradesh,90867,264982,1220,18114,540,0
Bulandshahr,Uttar Pradesh,304321,972027,3793,127975,1807,1549
Aligarh,Uttar Pradesh,311298,942498,9974,136507,1755,16
Hathras,Uttar Pradesh,124447,417778,3985,84215,872,45
Mathura,Uttar Pradesh,214236,576556,24099,64681,1040,87
Agra,Uttar Pradesh,282788,1066798,18578,147937,1190,109
Firozabad,Uttar Pradesh,164313,645558,6584,182510,531,12
Mainpuri,Uttar Pradesh,139639,592912,10754,266679,808,36
Budaun,Uttar Pradesh,279790,1107170,12837,176402,3228,73
Bareilly,Uttar Pradesh,234979,707609,3097,130533,4376,17
Pilibhit,Uttar Pradesh,160287,220378,603,46890,1152,0
Shahjahanpur,Uttar Pradesh,261143,605387,3005,113702,1901,5
Kheri,Uttar Pradesh,468608,836358,18664,486491,1637,58
Sitapur,Uttar Pradesh,470731,683373,4660,468528,571,26
Hardoi,Uttar Pradesh,419996,834750,17261,378278,2609,33
Unnao,Uttar Pradesh,324185,656492,14209,320399,984,7
Lucknow,Uttar Pradesh,214346,286650,805,160719,441,1
Rae Bareli,Uttar Pradesh,391858,463692,12060,277338,2231,195
Farrukhabad,Uttar Pradesh,114665,443701,7880,119358,851,85
Kannauj,Uttar Pradesh,234517,430954,8209,152089,394,13
Etawah,Uttar Pradesh,104777,383819,5116,243429,147,18
Auraiya,Uttar Pradesh,113174,376898,10151,258416,267,0
Kanpur Dehat,Uttar Pradesh,181231,602713,14243,420847,104,9
Kanpur Nagar,Uttar Pradesh,175266,494045,8616,292141,323,382
Jalaun,Uttar Pradesh,204198,357697,25462,322607,454,59
Jhansi,Uttar Pradesh,226789,306551,42297,260396,343,7
Lalitpur,Uttar Pradesh,364514,291743,3590,180189,132,1
Hamirpur,Uttar Pradesh,141151,238510,12503,299330,450,7
Mahoba,Uttar Pradesh,138969,137867,14025,206066,232,0
Banda,Uttar Pradesh,255495,423768,9702,281392,723,101
Chitrakoot,Uttar Pradesh,267740,251688,19683,175973,286,125
Fatehpur,Uttar Pradesh,162813,647503,88677,438167,1770,31
Pratapgarh,Uttar Pradesh,604203,596075,9372,340666,2061,14
Kaushambi,Uttar Pradesh,176495,364403,20565,312771,1915,290
Allahabad,Uttar Pradesh,560456,817058,121374,261053,1661,60
Barabanki,Uttar Pradesh,324762,508830,400,229206,1241,29
Faizabad,Uttar Pradesh,274526,348161,8499,189303,375,8
Ambedkar Nagar,Uttar Pradesh,262839,343283,9410,164844,205,2
Sultanpur,Uttar Pradesh,359706,318785,20102,195700,467,19
Bahraich,Uttar Pradesh,343265,424265,15488,581585,1621,11
Shravasti,Uttar Pradesh,160042,174379,3110,111488,295,139
Balrampur,Uttar Pradesh,197746,226303,9136,270790,394,126
Gonda,Uttar Pradesh,378420,438171,14839,290621,564,40
Siddharth Nagar,Uttar Pradesh,97064,182952,4010,284526,90,5
Basti,Uttar Pradesh,125703,343799,8135,152497,70,9
Sant Kabeer Nagar,Uttar Pradesh,84008,144691,2940,143081,208,21
Maharajganj,Uttar Pradesh,69102,180630,1870,252829,255,39
Gorakhpur,Uttar Pradesh,287431,253190,8601,173017,469,741
Kushi Nagar,Uttar Pradesh,165224,170194,1084,297917,515,22
Deoria,Uttar Pradesh,287843,190894,2198,255563,236,46
Azamgarh,Uttar Pradesh,460458,477563,10885,299653,139,15
Mau,Uttar Pradesh,173304,192711,3205,171962,140,35
Ballia,Uttar Pradesh,434902,249786,18560,157490,1125,206
Jaunpur,Uttar Pradesh,536940,584454,27321,276543,126,20
Ghazipur,Uttar Pradesh,386272,505965,19171,151400,233,66
Chandauli,Uttar Pradesh,338393,323117,17087,89091,104,90
Varanasi,Uttar Pradesh,306849,243685,9665,124528,48,4
Sant Ravidas Nagar,Uttar Pradesh,212465,156603,22209,47738,35,0
Mirzapur,Uttar Pradesh,511188,287582,71717,126877,342,30
Sonbhadra,Uttar Pradesh,550069,148632,22718,240083,20,11
Etah,Uttar Pradesh,90184,593550,2200,98507,412,21
Kasganj,Uttar Pradesh,79666,527709,5629,84550,783,4
Amethi,Uttar Pradesh,315654,342664,8094,214207,1211,31
Hapur,Uttar Pradesh,102115,246786,959,30690,782,5
Sambhal,Uttar Pradesh,174913,710993,2040,84709,1751,93
Shamli,Uttar Pradesh,117891,253286,2842,21559,1310,23
Darjeeling,West Bengal,203881,6992,969,164834,123,72
Jalpaiguri,West Bengal,727592,5381,8169,512322,6,0
Coochbehar,West Bengal,1226670,6397,63824,486974,173,23
Dinajpur Uttar,West Bengal,1091590,12384,1521,885282,14,0
Dinajpur Dakshin,West Bengal,532056,1920,6295,598137,6,0
Maldah,West Bengal,1038763,38439,32919,1376487,53,7
Murshidabad,West Bengal,1199817,66783,51415,1751276,274,14
Birbhum,West Bengal,1185333,94938,159206,1168796,21,0
Bardhaman,West Bengal,1532669,58942,135965,1370985,66,177
Nadia,West Bengal,816780,17157,24669,924339,95,15
24 Paraganas North,West Bengal,697601,34443,34356,780001,31,0
Hooghly,West Bengal,912745,35229,1655,886410,8,3
Bankura,West Bengal,1491831,64427,71889,1064468,36,3
Purulia,West Bengal,915274,77650,186925,966681,14,0
Howrah,West Bengal,226388,5724,237,157017,2,1
Kolkata,West Bengal,1003,459,93,3625,0,0
24 Paraganas South,West Bengal,1019495,11709,82258,791587,266,5
Medinipur West,West Bengal,1758443,37649,18172,872869,20,8
Medinipur East,West Bengal,1093499,263,5948,475230,17,0
Alipurduar,West Bengal,520443,2209,7476,281764,10,3
PASCHIM BARDHAMAN,West Bengal,273637,22682,6498,256143,0,18
KALIMPONG,West Bengal,48915,129,82,64109,7,0
Jhargram,West Bengal,563491,29015,52345,440004,2,0
